Stream,EC classification,Chao1 (Richness),Variance Chao1,Total Percent Cover,Sum of p^2,Simpson's Diversity
Mossom Creek,Low,15,2.888888889,0.186,0.287689007,0.712310993
Noons Creek,Low,6,0,0.187333333,0.463412317,0.536587683
Rogers Creek,Low,11,4,0.262,0.46027815,0.53972185
Hoy Creek,High,5.5,0.520833333,0.006666667,0.405,0.595
Stoney Creek,High,12.75,0.79296875,0.339666667,0.647288371,0.352711629
Eagle Creek,High,14.75,0.79296875,0.074,0.156967779,0.843032221
